library,cat,AA,CA,GA,TA,AC,CC,GC,TC,AG,CG,GG,TG,AT,CT,GT,TT
FS185,CD4+T,0.159062,0.33072,0.152649,0.357569,0.239853,0.450799,0.102339,0.207009,0.281302,0.311839,0.202469,0.20439,0.233269,0.448012,0.139416,0.179303
FS186,CD4+T,0.1552,0.305023,0.170073,0.369705,0.238797,0.418543,0.114992,0.227668,0.310797,0.236079,0.253644,0.199479,0.197184,0.438244,0.185507,0.179064
FS187,CD4+T,0.206753,0.255481,0.190721,0.347045,0.328271,0.337735,0.132555,0.201439,0.390834,0.206102,0.224255,0.178808,0.301857,0.313787,0.219848,0.164509
FS188,CD4+T,0.167995,0.365039,0.122777,0.344189,0.282522,0.449454,0.082668,0.185356,0.282791,0.358538,0.184805,0.173866,0.283211,0.395838,0.202223,0.118728
FS189,CD4+T,0.153591,0.314783,0.168418,0.363208,0.316605,0.390837,0.097693,0.194865,0.30614,0.230454,0.233726,0.229681,0.264905,0.38684,0.16518,0.183075
FS193,HCT116,0.190185,0.289663,0.157728,0.362424,0.367995,0.360205,0.088155,0.183645,0.365024,0.189546,0.229897,0.215533,0.228713,0.313138,0.139809,0.31834
FS195,WB-GTP-control,0.188773,0.29912,0.144106,0.368001,0.284234,0.409315,0.079168,0.227283,0.414403,0.247487,0.137758,0.200352,0.229674,0.436783,0.131003,0.20254
FS196,WB-GTP-PTSD,0.233803,0.249178,0.161581,0.355438,0.297905,0.391454,0.110258,0.200384,0.311052,0.239349,0.216492,0.233107,0.228607,0.293889,0.228204,0.2493
FS197,hESC-H9,0.267166,0.208665,0.17386,0.350309,0.375641,0.338291,0.098879,0.187189,0.325517,0.258867,0.219843,0.195774,0.348877,0.331495,0.189939,0.12969
FS198,hESC-H9,0.359549,0.163432,0.168664,0.308355,0.432571,0.303661,0.093168,0.170599,0.376757,0.162353,0.25123,0.20966,0.450453,0.19718,0.200969,0.151398
FS199,hESC-H9,0.385591,0.248436,0.159221,0.206751,0.365234,0.34973,0.102595,0.182441,0.440184,0.124993,0.215455,0.219369,0.354386,0.234038,0.185131,0.226445
FS201,hESC-H9,0.398283,0.119895,0.130638,0.351184,0.408985,0.270781,0.101178,0.219056,0.409139,0.184304,0.245922,0.160636,0.628634,0.128648,0.16748,0.075237
FS203,HEK293T,0.216757,0.225922,0.151913,0.405409,0.347195,0.317118,0.098837,0.23685,0.445029,0.19998,0.169634,0.185358,0.25678,0.328548,0.143291,0.271382
FS257,DLTB,0.12848,0.19796,0.29511,0.37845,0.203815,0.251617,0.274895,0.269673,0.26714,0.177165,0.298124,0.257572,0.224685,0.209233,0.331192,0.23489
FS258,TLTB,0.127944,0.188119,0.294075,0.389862,0.212923,0.251324,0.272391,0.263363,0.275285,0.155246,0.31254,0.256929,0.232006,0.18389,0.374729,0.209375
FS259,DLTB,0.149004,0.218566,0.276649,0.35578,0.206272,0.284799,0.246213,0.262715,0.269259,0.178854,0.292955,0.258932,0.208565,0.246093,0.318538,0.226804
FS260,TLTB,0.143213,0.208512,0.281888,0.366387,0.203067,0.304834,0.238086,0.254013,0.273699,0.169909,0.300221,0.256171,0.195623,0.313068,0.274007,0.217302
FS261,DLTB,0.129077,0.188701,0.303088,0.379134,0.205656,0.258742,0.281243,0.254359,0.268792,0.15156,0.318266,0.261382,0.206815,0.193765,0.360182,0.239238
FS262,TLTB,0.138048,0.185806,0.299092,0.377054,0.22393,0.265736,0.261184,0.249149,0.268294,0.140536,0.316254,0.274916,0.208542,0.202423,0.363015,0.22602
FS263,DLTB,0.163721,0.248926,0.246009,0.341343,0.225767,0.294296,0.208928,0.271008,0.276313,0.18527,0.285063,0.253353,0.213376,0.286473,0.282554,0.217597
FS264,TLTB,0.150122,0.222508,0.269574,0.357796,0.207632,0.320783,0.211866,0.259719,0.266212,0.164883,0.311322,0.257583,0.188245,0.320026,0.28807,0.203659
FS300,RNH2A-KO-T3-8,0.150598,0.31265,0.199335,0.337417,0.217461,0.383229,0.152272,0.247038,0.297822,0.211948,0.261147,0.229084,0.200544,0.362857,0.19974,0.236859
FS301,RNH2A-KO-T3-17,0.153243,0.31377,0.197776,0.335212,0.235998,0.378105,0.139111,0.246786,0.310287,0.224261,0.244896,0.220555,0.205635,0.383649,0.193536,0.21718
FS303,hESC-H9,0.169556,0.330126,0.166775,0.333543,0.277357,0.370701,0.115292,0.23665,0.297049,0.24195,0.223799,0.237203,0.225316,0.379703,0.186003,0.208978
FS305,HEK293T,0.163421,0.31792,0.168086,0.350572,0.269779,0.372379,0.117505,0.240338,0.272239,0.227576,0.242249,0.257936,0.200286,0.41834,0.172026,0.209348
FS306,RNH2A-KO-T3-8,0.150722,0.326683,0.173245,0.349351,0.238783,0.376587,0.130935,0.253695,0.301259,0.211062,0.2394,0.248279,0.204938,0.402156,0.161501,0.231405
FS307,RNH2A-KO-T3-17,0.160437,0.285538,0.199199,0.354826,0.219381,0.380902,0.147389,0.252327,0.290526,0.212842,0.254916,0.241716,0.207591,0.293484,0.212128,0.286797
FS309,RNH2A-KO-T3-8,0.15306,0.311992,0.184692,0.350256,0.225793,0.409161,0.117196,0.24785,0.297293,0.203906,0.267118,0.231683,0.205229,0.36383,0.191344,0.239598
FS310,RNH2A-KO-T3-17,0.13968,0.302534,0.180439,0.377346,0.197523,0.365192,0.157549,0.279736,0.272193,0.198713,0.267968,0.261127,0.204248,0.323727,0.210011,0.262014
FS326,HEK293T,0.148973,0.262158,0.201348,0.38752,0.234635,0.377531,0.146662,0.241172,0.276063,0.189758,0.284757,0.249422,0.223171,0.332578,0.200968,0.243282
FS327,RNH2A-KO-T3-8,0.142811,0.354945,0.156613,0.345631,0.219135,0.424788,0.123895,0.232182,0.23908,0.258926,0.257882,0.244113,0.199314,0.382106,0.202686,0.215894
FS329,RNH2A-KO-T3-17,0.144177,0.302025,0.183933,0.369866,0.23403,0.406856,0.129696,0.229417,0.254215,0.231701,0.256536,0.257549,0.216933,0.360711,0.219922,0.202434
