celltype,pattern,n,mean_nf,p_ours,p_paper,call_ours,call_paper
all,AA,32,0.184031,0.999671,1.0,False,False
all,CA,32,0.264212,0.074529,0.000668,False,True
all,GA,32,0.19779,0.999998,0.999983,False,False
all,TA,32,0.353967,0.0,0.0,True,True
all,AC,32,0.267023,0.261959,0.916991,False,False
all,CC,32,0.352046,0.0,0.0,True,True
all,GC,32,0.149212,1.0,1.0,False,False
all,TC,32,0.231718,0.997144,0.999983,False,False
all,AG,32,0.310375,0.0,0.0,True,True
all,CG,32,0.208936,0.999986,1.0,False,False
all,GG,32,0.250642,0.387476,0.011029,False,True
all,TG,32,0.230047,0.998805,0.997137,False,False
all,AT,32,0.2493,0.97276,1.0,False,False
all,CT,32,0.318892,4.1e-05,0.000668,True,True
all,GT,32,0.220005,0.987999,0.822725,False,False
all,TT,32,0.211803,0.999987,1.0,False,False
CD4T,AA,5,0.16852,1.0,0.998115,False,False
CD4T,CA,5,0.314209,0.03125,0.003747,True,True
CD4T,GA,5,0.160928,1.0,0.998115,False,False
CD4T,TA,5,0.356343,0.03125,0.003747,True,True
CD4T,AC,5,0.28121,0.15625,0.327918,False,False
CD4T,CC,5,0.409474,0.03125,0.003747,True,True
CD4T,GC,5,0.106049,1.0,0.998115,False,False
CD4T,TC,5,0.203268,1.0,0.998115,False,False
CD4T,AG,5,0.314373,0.03125,0.003747,True,True
CD4T,CG,5,0.268602,0.40625,0.748094,False,False
CD4T,GG,5,0.21978,0.96875,0.748094,False,False
CD4T,TG,5,0.197245,1.0,0.998115,False,False
CD4T,AT,5,0.256085,0.5,0.96268,False,False
CD4T,CT,5,0.396544,0.03125,0.003747,True,True
CD4T,GT,5,0.182435,1.0,0.96268,False,False
CD4T,TT,5,0.164936,1.0,0.998115,False,False
hESC-H9,AA,5,0.316029,0.09375,0.998115,False,False
hESC-H9,CA,5,0.214111,0.90625,0.059399,False,False
hESC-H9,GA,5,0.159832,1.0,0.998115,False,False
hESC-H9,TA,5,0.310028,0.0625,0.003747,False,True
hESC-H9,AC,5,0.371958,0.03125,0.003747,True,True
hESC-H9,CC,5,0.326633,0.03125,0.003747,True,True
hESC-H9,GC,5,0.102222,1.0,0.998115,False,False
hESC-H9,TC,5,0.199187,1.0,0.998115,False,False
hESC-H9,AG,5,0.369729,0.03125,0.003747,True,True
hESC-H9,CG,5,0.194493,0.9375,0.96268,False,False
hESC-H9,GG,5,0.23125,0.96875,0.748094,False,False
hESC-H9,TG,5,0.204528,1.0,0.96268,False,False
hESC-H9,AT,5,0.401533,0.0625,0.327918,False,False
hESC-H9,CT,5,0.254213,0.5,0.748094,False,False
hESC-H9,GT,5,0.185904,1.0,0.748094,False,False
hESC-H9,TT,5,0.15835,1.0,0.998115,False,False
DLTB,AA,4,0.142571,1.0,0.995529,False,False
DLTB,CA,4,0.213538,1.0,0.995529,False,False
DLTB,GA,4,0.280214,0.125,0.140859,False,False
DLTB,TA,4,0.363677,0.0625,0.010535,False,True
DLTB,AC,4,0.210378,1.0,0.995529,False,False
DLTB,CC,4,0.272364,0.0625,0.010535,False,True
DLTB,GC,4,0.25282,0.5625,0.140859,False,False
DLTB,TC,4,0.264439,0.0625,0.140859,False,False
DLTB,AG,4,0.270376,0.0625,0.010535,False,True
DLTB,CG,4,0.173212,1.0,0.995529,False,False
DLTB,GG,4,0.298602,0.0625,0.010535,False,True
DLTB,TG,4,0.25781,0.0625,0.010535,False,True
DLTB,AT,4,0.21336,1.0,0.995529,False,False
DLTB,CT,4,0.233891,0.875,0.916825,False,False
DLTB,GT,4,0.323117,0.0625,0.010535,False,True
DLTB,TT,4,0.229632,1.0,0.995529,False,False
TLTB,AA,4,0.139832,1.0,0.995529,False,False
TLTB,CA,4,0.201236,1.0,0.995529,False,False
TLTB,GA,4,0.286157,0.0625,0.010535,False,True
TLTB,TA,4,0.372775,0.0625,0.010535,False,True
TLTB,AC,4,0.211888,1.0,0.995529,False,False
TLTB,CC,4,0.285669,0.0625,0.010535,False,True
TLTB,GC,4,0.245882,0.6875,0.561109,False,False
TLTB,TC,4,0.256561,0.125,0.561109,False,False
TLTB,AG,4,0.270873,0.0625,0.010535,False,True
TLTB,CG,4,0.157643,1.0,0.995529,False,False
TLTB,GG,4,0.310084,0.0625,0.010535,False,True
TLTB,TG,4,0.2614,0.0625,0.140859,False,False
TLTB,AT,4,0.206104,1.0,0.995529,False,False
TLTB,CT,4,0.254852,0.4375,0.561109,False,False
TLTB,GT,4,0.324955,0.0625,0.010535,False,True
TLTB,TT,4,0.214089,1.0,0.995529,False,False
RNH2A-KO T3-8,AA,4,0.149298,1.0,0.995529,False,False
RNH2A-KO T3-8,CA,4,0.326567,0.0625,0.010535,False,True
RNH2A-KO T3-8,GA,4,0.178471,1.0,0.995529,False,False
RNH2A-KO T3-8,TA,4,0.345664,0.0625,0.010535,False,True
RNH2A-KO T3-8,AC,4,0.225293,1.0,0.995529,False,False
RNH2A-KO T3-8,CC,4,0.398441,0.0625,0.010535,False,True
RNH2A-KO T3-8,GC,4,0.131075,1.0,0.995529,False,False
RNH2A-KO T3-8,TC,4,0.245191,0.8125,0.916825,False,False
RNH2A-KO T3-8,AG,4,0.283863,0.125,0.140859,False,False
RNH2A-KO T3-8,CG,4,0.22146,0.9375,0.916825,False,False
RNH2A-KO T3-8,GG,4,0.256387,0.1875,0.140859,False,False
RNH2A-KO T3-8,TG,4,0.23829,1.0,0.995529,False,False
RNH2A-KO T3-8,AT,4,0.202506,1.0,0.995529,False,False
RNH2A-KO T3-8,CT,4,0.377737,0.0625,0.010535,False,True
RNH2A-KO T3-8,GT,4,0.188818,1.0,0.995529,False,False
RNH2A-KO T3-8,TT,4,0.230939,1.0,0.916825,False,False
RNH2A-KO T3-17,AA,4,0.149384,1.0,0.995529,False,False
RNH2A-KO T3-17,CA,4,0.300967,0.0625,0.010535,False,True
RNH2A-KO T3-17,GA,4,0.190337,1.0,0.995529,False,False
RNH2A-KO T3-17,TA,4,0.359312,0.0625,0.010535,False,True
RNH2A-KO T3-17,AC,4,0.221733,1.0,0.995529,False,False
RNH2A-KO T3-17,CC,4,0.382764,0.0625,0.010535,False,True
RNH2A-KO T3-17,GC,4,0.143436,1.0,0.995529,False,False
RNH2A-KO T3-17,TC,4,0.252067,0.5625,0.916825,False,False
RNH2A-KO T3-17,AG,4,0.281805,0.0625,0.010535,False,True
RNH2A-KO T3-17,CG,4,0.216879,1.0,0.995529,False,False
RNH2A-KO T3-17,GG,4,0.256079,0.1875,0.010535,False,True
RNH2A-KO T3-17,TG,4,0.245237,0.6875,0.916825,False,False
RNH2A-KO T3-17,AT,4,0.208602,1.0,0.995529,False,False
RNH2A-KO T3-17,CT,4,0.340393,0.0625,0.010535,False,True
RNH2A-KO T3-17,GT,4,0.208899,1.0,0.995529,False,False
RNH2A-KO T3-17,TT,4,0.242106,0.6875,0.561109,False,False
