run	library	sample	cell_category	role	technique	layout	fragmentation	barcode	pattern	spots	size_MB	enzymes	n_rnmp_reported	barcode_form	cell_type_s2	genotype_s2
SRR23726643	DNA-seq-CD4T-1	CD4T-1	CD4+T	dna_seq_strandbias_control	NA	PAIRED	TODO	TODO	TODO	3452	0		-1			
SRR23726633	DNA-seq-CD4T-2	CD4T-2	CD4+T	dna_seq_strandbias_control	NA	PAIRED	TODO	TODO	TODO	2463	0		-1			
SRR23726632	DNA-seq-CD4T-3	CD4T-3	CD4+T	dna_seq_strandbias_control	NA	PAIRED	TODO	TODO	TODO	8771	0		-1			
SRR23726631	DNA-seq-CD4T-4	CD4T-4	CD4+T	dna_seq_strandbias_control	NA	PAIRED	TODO	TODO	TODO	4697	0		-1			
SRR23726624	DNA-seq-DLTB-8	DLTB-8	DLTB	dna_seq_strandbias_control	NA	PAIRED	TODO	TODO	TODO	601567	36		-1			
SRR23726623	DNA-seq-DLTB-P	DLTB-P	DLTB	dna_seq_strandbias_control	NA	PAIRED	TODO	TODO	TODO	325740	19		-1			
SRR23726670	DNA-seq-HEK293T-WT	HEK293T-WT	HEK293T	dna_seq_strandbias_control	NA	PAIRED	TODO	TODO	TODO	56867	4		-1			
SRR23726668	DNA-seq-HEK293T-RNASEH2A-KO-T3-17	HEK293T-RNASEH2A-KO-T3-17	RNH2A-KO-T3-17	dna_seq_strandbias_control	NA	PAIRED	TODO	TODO	TODO	29886	2		-1			
SRR23726669	DNA-seq-HEK293T-RNASEH2A-KO-T3-8	HEK293T-RNASEH2A-KO-T3-8	RNH2A-KO-T3-8	dna_seq_strandbias_control	NA	PAIRED	TODO	TODO	TODO	44804	3		-1			
SRR23726649	DNA-seq-TLTB-8	TLTB-8	TLTB	dna_seq_strandbias_control	NA	PAIRED	TODO	TODO	TODO	1594968	94		-1			
SRR23726650	DNA-seq-TLTB-P	TLTB-P	TLTB	dna_seq_strandbias_control	NA	PAIRED	TODO	TODO	TODO	278690	17		-1			
SRR23726671	DNA-seq-hESC-H9-1	hESC-H9	hESC-H9	dna_seq_strandbias_control	NA	PAIRED	TODO	TODO	TODO	19679	1		-1			
SRR23726648	DNA-seq-hESC-H9-2	hESC-H9	hESC-H9	dna_seq_strandbias_control	NA	PAIRED	TODO	TODO	TODO	32065	2		-1			
SRR23726626	Background_cd4t_RE1	CD4T-3	CD4+T	fragmentation_background	NA	PAIRED	RE1	TODO	TODO	72891	4		-1			
SRR23726654	Background_cd4t_RE2	CD4T-3	CD4+T	fragmentation_background	NA	PAIRED	RE2	TODO	TODO	114236	5		-1			
SRR23726666	Background_cd4t_RE3	CD4T-3	CD4+T	fragmentation_background	NA	PAIRED	RE3	TODO	TODO	125504	6		-1			
SRR23726625	Background_cd4t_dsf	CD4T-3	CD4+T	fragmentation_background	NA	PAIRED	dsDNA-fragmentase	TODO	TODO	109277	5		-1			
SRR23726651	FS185	CD4T-1	CD4+T	ribose_seq	ribose-seq	SINGLE	dsF	CCG	NNNNNNXXXNN	151283	3		143927	tag	CD4+T	WT
SRR23726652	FS186	CD4T-1	CD4+T	ribose_seq	ribose-seq	SINGLE	RE1	TGA	NNNNNNXXXNN	384135	7	HpyCH4V;Hpy166II;Eco53KI;RsaI;StuI	371418	tag	CD4+T	WT
SRR23726653	FS187	CD4T-3	CD4+T	ribose_seq	ribose-seq	SINGLE	dsF+RE1	TGT	NNNNNNXXXNN	11822	0	HpyCH4V;Hpy166II;Eco53KI;RsaI;StuI	9143	tag	CD4+T	WT
SRR23726655	FS188	CD4T-4	CD4+T	ribose_seq	ribose-seq	SINGLE	dsF+RE1	CTG	NNNNNNXXXNN	14466	0	HpyCH4V;Hpy166II;Eco53KI;RsaI;StuI	11463	tag	CD4+T	WT
SRR23726656	FS189	CD4T-2	CD4+T	ribose_seq	ribose-seq	SINGLE	dsF+RE1	GAC	NNNNNNXXXNN	24936	0	HpyCH4V;Hpy166II;Eco53KI;RsaI;StuI	22244	tag	CD4+T	WT
SRR23726667	FS257	DLTB-8	DLTB	ribose_seq	ribose-seq	PAIRED	dsF	CGG	NNNNNNXXXNN	1122877	25		1100886	revcomp	DLTB	WT
SRR23726629	FS259	DLTB-P	DLTB	ribose_seq	ribose-seq	PAIRED	dsF	TTC	NNNNNNXXXNN	4721619	110		4665409	revcomp	DLTB	WT
SRR23726627	FS261	DLTB-8	DLTB	ribose_seq	ribose-seq	PAIRED	RE4	ACA	NNNNNNXXXNN	1291689	30	AluI;Hpy166II;PmlI;StuI;Cac8I;HpyCH4V;PmeI	1244143	revcomp	DLTB	WT
SRR23726646	FS263	DLTB-P	DLTB	ribose_seq	ribose-seq	PAIRED	RE4	AGC	NNNNNNXXXNN	3893407	89	AluI;Hpy166II;PmlI;StuI;Cac8I;HpyCH4V;PmeI	3792907	ambiguous	DLTB	WT
SRR23726657	FS193	HCT116	HCT116	ribose_seq	ribose-seq	SINGLE	dsF+RE1	CTG	NNNNNNXXXNN	27309	0	HpyCH4V;Hpy166II;Eco53KI;RsaI;StuI	24371	tag	HCT116	WT
SRR23726665	FS203	HEK293T-WT	HEK293T	ribose_seq	ribose-seq	SINGLE	dsF+RE1	GAA	NNNNNNXXXNN	44996	1	HpyCH4V;Hpy166II;Eco53KI;RsaI;StuI	26447	tag	HEK293T	WT
SRR23726642	FS303	HEK293T-WT	hESC-H9	ribose_seq	ribose-seq	PAIRED	RE3	GCT	NNNNNNXXXNN	421298	8	CviKI-1;MlyI;MscI;MslI	409100	ambiguous	hESC-H9	WT
SRR23726641	FS305	HEK293T-WT	HEK293T	ribose_seq	ribose-seq	PAIRED	RE3	CCG	NNNNNNXXXNN	1475938	39	CviKI-1;MlyI;MscI;MslI	1412627	tag	HEK293T	WT
SRR23726636	FS326	HEK293T-WT	HEK293T	ribose_seq	ribose-seq	PAIRED	dsF	GAC	NNNNNNXXXNN	190626	6		185316	tag	HEK293T	WT
SRR23726662	FS301	HEK293T-RNASEH2A-KO-T3-17	RNH2A-KO-T3-17	ribose_seq	ribose-seq	PAIRED	RE1	CTG	NNNNNNXXXNN	269596	5	HpyCH4V;Hpy166II;Eco53KI;RsaI;StuI	262453	tag	HEK293T	RNH2A-KO T3-17
SRR23726639	FS307	HEK293T-RNASEH2A-KO-T3-17	RNH2A-KO-T3-17	ribose_seq	ribose-seq	PAIRED	RE2	TGT	NNNNNNXXXNN	124098	3	AluI;PvuII;AleI;SspI;DraI;HaeIII	119475	tag	HEK293T	RNH2A-KO T3-17
SRR23726637	FS310	HEK293T-RNASEH2A-KO-T3-17	RNH2A-KO-T3-17	ribose_seq	ribose-seq	PAIRED	RE3	TGT	NNNNNNXXXNN	5070	0	CviKI-1;MlyI;MscI;MslI	4765	tag	HEK293T	RNH2A-KO T3-17
SRR23726634	FS329	HEK293T-RNASEH2A-KO-T3-17	RNH2A-KO-T3-17	ribose_seq	ribose-seq	PAIRED	dsF	AGC	NNNNNNXXXNN	75242	2		73525	ambiguous	HEK293T	RNH2A-KO T3-17
SRR23726644	FS300	HEK293T-RNASEH2A-KO-T3-8	RNH2A-KO-T3-8	ribose_seq	ribose-seq	PAIRED	RE1	TGA	NNNNNNXXXNN	184341	4	HpyCH4V;Hpy166II;Eco53KI;RsaI;StuI	179238	tag	HEK293T	RNH2A-KO T3-8
SRR23726640	FS306	HEK293T-RNASEH2A-KO-T3-8	RNH2A-KO-T3-8	ribose_seq	ribose-seq	PAIRED	RE3	TGA	NNNNNNXXXNN	153298	4	CviKI-1;MlyI;MscI;MslI	146680	tag	HEK293T	RNH2A-KO T3-8
SRR23726638	FS309	HEK293T-RNASEH2A-KO-T3-8	RNH2A-KO-T3-8	ribose_seq	ribose-seq	PAIRED	RE2	GAA	NNNNNNXXXNN	55054	1	AluI;PvuII;AleI;SspI;DraI;HaeIII	52039	tag	HEK293T	RNH2A-KO T3-8
SRR23726635	FS327	HEK293T-RNASEH2A-KO-T3-8	RNH2A-KO-T3-8	ribose_seq	ribose-seq	PAIRED	dsF	TGT	NNNNNNXXXNN	39197	1		38183	tag	HEK293T	RNH2A-KO T3-8
SRR23726630	FS258	TLTB-8	TLTB	ribose_seq	ribose-seq	PAIRED	dsF	GCT	NNNNNNXXXNN	613837	14		601126	ambiguous	TLTB	WT
SRR23726628	FS260	TLTB-P	TLTB	ribose_seq	ribose-seq	PAIRED	dsF	CAG	NNNNNNXXXNN	3096496	77		3061782	revcomp	TLTB	WT
SRR23726647	FS262	TLTB-8	TLTB	ribose_seq	ribose-seq	PAIRED	RE4	GTC	NNNNNNXXXNN	1868648	43	AluI;Hpy166II;PmlI;StuI;Cac8I;HpyCH4V;PmeI	1808101	revcomp	TLTB	WT
SRR23726645	FS264	TLTB-P	TLTB	ribose_seq	ribose-seq	PAIRED	RE4	TCA	NNNNNNXXXNN	3279351	76	AluI;Hpy166II;PmlI;StuI;Cac8I;HpyCH4V;PmeI	3207539	revcomp	TLTB	WT
SRR23726659	FS196	WB-GTP PTSD	WB-GTP-PTSD	ribose_seq	ribose-seq	SINGLE	dsF+RE1	TGA	NNNNNNXXXNN	72733	1	HpyCH4V;Hpy166II;Eco53KI;RsaI;StuI	49533	tag	WB-GTP PTSD	WT
SRR23726658	FS195	WB-GTP control	WB-GTP-control	ribose_seq	ribose-seq	SINGLE	dsF+RE1	CCG	NNNNNNXXXNN	30070	0	HpyCH4V;Hpy166II;Eco53KI;RsaI;StuI	21350	tag	WB-GTP control	WT
SRR23726660	FS197	hESC-H9	hESC-H9	ribose_seq	ribose-seq	SINGLE	dsF	GCT	NNNNNNXXXNN	28150	0		19065	ambiguous	hESC-H9	WT
SRR23726661	FS198	hESC-H9	hESC-H9	ribose_seq	ribose-seq	SINGLE	dsF	GAC	NNNNNNXXXNN	17914	0		9488	tag	hESC-H9	WT
SRR23726663	FS199	hESC-H9	hESC-H9	ribose_seq	ribose-seq	SINGLE	RE1	GAA	NNNNNNXXXNN	13867	0	HpyCH4V;Hpy166II;Eco53KI;RsaI;StuI	8083	tag	hESC-H9	WT
SRR23726664	FS201	hESC-H9	hESC-H9	ribose_seq	ribose-seq	SINGLE	dsF+RE1	AGC	NNNNNNXXXNN	15957	0	HpyCH4V;Hpy166II;Eco53KI;RsaI;StuI	8136	ambiguous	hESC-H9	WT
