run	gsm	title	cell_type	cell_line	genotype	replicate	treatment	fragmentation	technique	layout	spots	size_MB	background_run
SRR5035906	GSM2396662	HeLa A KCl HincII	HeLa	HeLa A	WT	A	KCl	HincII	Alk-HydEn-seq	PAIRED	3613665	172	NA
SRR5035907	GSM2396663	HeLa A KOH HincII	HeLa	HeLa A	WT	A	KOH	HincII	Alk-HydEn-seq	PAIRED	20861937	1071	SRR5035906
SRR5035900	GSM2396656	HeLa A KCl	HeLa	HeLa A	WT	A	KCl	random	Alk-HydEn-seq	PAIRED	7379058	407	NA
SRR5035901	GSM2396657	HeLa A KOH	HeLa	HeLa A	WT	A	KOH	random	Alk-HydEn-seq	PAIRED	16911934	784	SRR5035900
SRR5035908	GSM2396664	HeLa B KCl HincII	HeLa	HeLa B	WT	B	KCl	HincII	Alk-HydEn-seq	PAIRED	1974965	93	NA
SRR5035909	GSM2396665	HeLa B KOH HincII	HeLa	HeLa B	WT	B	KOH	HincII	Alk-HydEn-seq	PAIRED	26627574	1377	SRR5035908
SRR5035902	GSM2396658	HeLa B KCl	HeLa	HeLa B	WT	B	KCl	random	Alk-HydEn-seq	PAIRED	12104050	513	NA
SRR5035903	GSM2396659	HeLa B KOH	HeLa	HeLa B	WT	B	KOH	random	Alk-HydEn-seq	PAIRED	11910130	660	SRR5035902
SRR5035910	GSM2396666	HeLa C KCl HincII	HeLa	HeLa C	WT	C	KCl	HincII	Alk-HydEn-seq	PAIRED	11432376	581	NA
SRR5035911	GSM2396667	HeLa C KOH HincII	HeLa	HeLa C	WT	C	KOH	HincII	Alk-HydEn-seq	PAIRED	23307434	1280	SRR5035910
SRR5035904	GSM2396660	HeLa C KCl	HeLa	HeLa C	WT	C	KCl	random	Alk-HydEn-seq	PAIRED	8929864	419	NA
SRR5035905	GSM2396661	HeLa C KOH	HeLa	HeLa C	WT	C	KOH	random	Alk-HydEn-seq	PAIRED	10749161	587	SRR5035904
SRR5035936	GSM2396692	DGUOK-F256*-KCl HincII	fibroblast	DGUOK-F256*	DGUOK-F256*	1	KCl	HincII	Alk-HydEn-seq	PAIRED	8701847	418	NA
SRR5035937	GSM2396693	DGUOK-F256*-KOH HincII	fibroblast	DGUOK-F256*	DGUOK-F256*	1	KOH	HincII	Alk-HydEn-seq	PAIRED	10822041	600	SRR5035936
SRR5035920	GSM2396676	DGUOK-F256*-KCl	fibroblast	DGUOK-F256*	DGUOK-F256*	1	KCl	random	Alk-HydEn-seq	PAIRED	5156499	212	NA
SRR5035921	GSM2396677	DGUOK-F256*-KOH	fibroblast	DGUOK-F256*	DGUOK-F256*	1	KOH	random	Alk-HydEn-seq	PAIRED	8324517	429	SRR5035920
SRR5035938	GSM2396694	DGUOK-N46S.delGC-KCl HincII	fibroblast	DGUOK-N46S.delGC	DGUOK-N46S.delGC	1	KCl	HincII	Alk-HydEn-seq	PAIRED	9505927	461	NA
SRR5035939	GSM2396695	DGUOK-N46S.delGC-KOH HincII	fibroblast	DGUOK-N46S.delGC	DGUOK-N46S.delGC	1	KOH	HincII	Alk-HydEn-seq	PAIRED	6948368	390	SRR5035938
SRR5035922	GSM2396678	DGUOK-N46S.delGC-KCl	fibroblast	DGUOK-N46S.delGC	DGUOK-N46S.delGC	1	KCl	random	Alk-HydEn-seq	PAIRED	7755012	343	NA
SRR5035923	GSM2396679	DGUOK-N46S.delGC-KOH	fibroblast	DGUOK-N46S.delGC	DGUOK-N46S.delGC	1	KOH	random	Alk-HydEn-seq	PAIRED	13065051	684	SRR5035922
SRR5035928	GSM2396684	FB1-KCl HincII	fibroblast	FB1	control	1	KCl	HincII	Alk-HydEn-seq	PAIRED	6341541	331	NA
SRR5035929	GSM2396685	FB1-KOH HincII	fibroblast	FB1	control	1	KOH	HincII	Alk-HydEn-seq	PAIRED	8183914	470	SRR5035928
SRR5035912	GSM2396668	FB1-KCl	fibroblast	FB1	control	1	KCl	random	Alk-HydEn-seq	PAIRED	4717149	220	NA
SRR5035913	GSM2396669	FB1-KOH	fibroblast	FB1	control	1	KOH	random	Alk-HydEn-seq	PAIRED	12689812	679	SRR5035912
SRR5035934	GSM2396690	MPV17-A23P.E45D-KCl HincII	fibroblast	MPV17-A23P.E45D	MPV17-A23P.E45D	1	KCl	HincII	Alk-HydEn-seq	PAIRED	8145371	387	NA
SRR5035935	GSM2396691	MPV17-A23P.E45D-KOH HincII	fibroblast	MPV17-A23P.E45D	MPV17-A23P.E45D	1	KOH	HincII	Alk-HydEn-seq	PAIRED	10227542	555	SRR5035934
SRR5035918	GSM2396674	MPV17-A23P.E45D-KCl	fibroblast	MPV17-A23P.E45D	MPV17-A23P.E45D	1	KCl	random	Alk-HydEn-seq	PAIRED	1335327	57	NA
SRR5035919	GSM2396675	MPV17-A23P.E45D-KOH	fibroblast	MPV17-A23P.E45D	MPV17-A23P.E45D	1	KOH	random	Alk-HydEn-seq	PAIRED	10497111	541	SRR5035918
SRR5035930	GSM2396686	MPV17-Q93P-KCl HincII	fibroblast	MPV17-Q93P	MPV17-Q93P	1	KCl	HincII	Alk-HydEn-seq	PAIRED	11456672	561	NA
SRR5035931	GSM2396687	MPV17-Q93P-KOH HincII	fibroblast	MPV17-Q93P	MPV17-Q93P	1	KOH	HincII	Alk-HydEn-seq	PAIRED	10652860	580	SRR5035930
SRR5035914	GSM2396670	MPV17-Q93P-KCl	fibroblast	MPV17-Q93P	MPV17-Q93P	1	KCl	random	Alk-HydEn-seq	PAIRED	5375414	236	NA
SRR5035915	GSM2396671	MPV17-Q93P-KOH	fibroblast	MPV17-Q93P	MPV17-Q93P	1	KOH	random	Alk-HydEn-seq	PAIRED	6793079	352	SRR5035914
SRR5035940	GSM2396696	TK2-M1V-KCl HincII	fibroblast	TK2-M1V	TK2-M1V	1	KCl	HincII	Alk-HydEn-seq	PAIRED	3367282	172	NA
SRR5035941	GSM2396697	TK2-M1V-KOH HincII	fibroblast	TK2-M1V	TK2-M1V	1	KOH	HincII	Alk-HydEn-seq	PAIRED	4896363	275	SRR5035940
SRR5035924	GSM2396680	TK2-M1V-KCl	fibroblast	TK2-M1V	TK2-M1V	1	KCl	random	Alk-HydEn-seq	PAIRED	6964911	323	NA
SRR5035925	GSM2396681	TK2-M1V-KOH	fibroblast	TK2-M1V	TK2-M1V	1	KOH	random	Alk-HydEn-seq	PAIRED	3393326	187	SRR5035924
SRR5035942	GSM2396698	TK2-Q125*.M132T-KCl HincII	fibroblast	TK2-Q125*.M132T	TK2-Q125*.M132T	1	KCl	HincII	Alk-HydEn-seq	PAIRED	4064574	214	NA
SRR5035943	GSM2396699	TK2-Q125*.M132T-KOH HincII	fibroblast	TK2-Q125*.M132T	TK2-Q125*.M132T	1	KOH	HincII	Alk-HydEn-seq	PAIRED	4458541	255	SRR5035942
SRR5035926	GSM2396682	TK2-Q125*.M132T-KCl	fibroblast	TK2-Q125*.M132T	TK2-Q125*.M132T	1	KCl	random	Alk-HydEn-seq	PAIRED	7709047	357	NA
SRR5035927	GSM2396683	TK2-Q125*.M132T-KOH	fibroblast	TK2-Q125*.M132T	TK2-Q125*.M132T	1	KOH	random	Alk-HydEn-seq	PAIRED	15360680	824	SRR5035926
SRR5035932	GSM2396688	TK2-Q87*.N100S-KCl HincII	fibroblast	TK2-Q87*.N100S	TK2-Q87*.N100S	1	KCl	HincII	Alk-HydEn-seq	PAIRED	8489905	422	NA
SRR5035933	GSM2396689	TK2-Q87*.N100S-KOH HincII	fibroblast	TK2-Q87*.N100S	TK2-Q87*.N100S	1	KOH	HincII	Alk-HydEn-seq	PAIRED	5885281	330	SRR5035932
SRR5035916	GSM2396672	TK2-Q87*.N100S-KCl	fibroblast	TK2-Q87*.N100S	TK2-Q87*.N100S	1	KCl	random	Alk-HydEn-seq	PAIRED	5037497	226	NA
SRR5035917	GSM2396673	TK2-Q87*.N100S-KOH	fibroblast	TK2-Q87*.N100S	TK2-Q87*.N100S	1	KOH	random	Alk-HydEn-seq	PAIRED	4497426	250	SRR5035916
