library	fragmentation	n_rnmp	barcode	pcr1	pcr2	barcode_is_tag	barcode_is_rc	frag_code	enzymes	rAMP_pct	rCMP_pct	rGMP_pct	rUMP_pct	cell_type	genotype
FS185	NEBNext dsDNA Fragmentase	143927	CCG	10	7	True	False	dsF		59.150819512669614	17.535973097473022	22.089670457940482	1.2235369319168745	CD4+T	WT
FS186	[HpyCH4V] + [Hpy166II,  Eco53KI,  RsaI,  StuI]	371418	TGA	10	7	True	False	RE1	HpyCH4V;Hpy166II;Eco53KI;RsaI;StuI	56.21806159098375	16.235615936761278	26.473945796918834	1.0723766753361441	CD4+T	WT
FS187	[NEBNext dsDNA Fragmentase] + [HpyCH4V] + [Hpy166II,  Eco53KI,  RsaI,  StuI]	9143	TGT	6	11	True	False	dsF+RE1	HpyCH4V;Hpy166II;Eco53KI;RsaI;StuI	50.79295636005688	21.065295854752268	25.265230230777647	2.876517554413212	CD4+T	WT
FS188	[NEBNext dsDNA Fragmentase] + [HpyCH4V] + [Hpy166II,  Eco53KI,  RsaI,  StuI]	11463	CTG	6	11	True	False	dsF+RE1	HpyCH4V;Hpy166II;Eco53KI;RsaI;StuI	53.96493064642763	29.58213382186164	14.647125534327838	1.805809997382884	CD4+T	WT
FS189	[NEBNext dsDNA Fragmentase] + [HpyCH4V] + [Hpy166II,  Eco53KI,  RsaI,  StuI]	22244	GAC	6	11	True	False	dsF+RE1	HpyCH4V;Hpy166II;Eco53KI;RsaI;StuI	55.34975723790685	23.498471497932027	19.555835281424205	1.595935982736918	CD4+T	WT
FS197	NEBNext dsDNA Fragmentase	19065	GCT	6	11	True	True	dsF		14.927878311041177	63.131392604248624	17.298714922633096	4.642014162077104	 hESC-H9	WT
FS198	NEBNext dsDNA Fragmentase	9488	GAC	6	11	True	False	dsF		16.779089376053964	55.860033726812816	18.802698145025296	8.558178752107926	 hESC-H9	WT
FS199	[HpyCH4V] + [Hpy166II,  Eco53KI,  RsaI,  StuI]	8083	GAA	6	11	True	False	RE1	HpyCH4V;Hpy166II;Eco53KI;RsaI;StuI	16.219225535073612	59.49523691698627	19.16367685265372	5.121860695286403	 hESC-H9	WT
FS201	[NEBNext dsDNA Fragmentase] + [HpyCH4V] + [Hpy166II,  Eco53KI,  RsaI,  StuI]	8136	AGC	6	11	True	True	dsF+RE1	HpyCH4V;Hpy166II;Eco53KI;RsaI;StuI	15.585054080629302	49.96312684365782	20.15732546705998	14.2944936086529	 hESC-H9	WT
FS303	[Cvikl-1] + [MlyI, MscI, MslI]	409100	GCT	6	11	True	True	RE3	CviKI-1;MlyI;MscI;MslI	19.06990955756539	61.966511855292104	17.00342214617453	1.9601564409679786	 hESC-H9	WT
FS257	NEBNext dsDNA Fragmentase	1100886	CGG	6	11	False	True	dsF		75.72228187114743	1.678193745764775	21.16840435794442	1.4311200251433847	DLTB	WT
FS259	NEBNext dsDNA Fragmentase	4665409	TTC	6	11	False	True	dsF		83.34390403928144	2.4649500183156503	12.202295661537928	1.9888502808649788	DLTB	WT
FS261	[AluI] + [Hpy166II, PmlI, StuI] + [Cac8I, HpyCH4V,  PmeI]	1244143	ACA	6	11	False	True	RE4	AluI;Hpy166II;PmlI;StuI;Cac8I;HpyCH4V;PmeI	74.66882826170304	1.8421515854688728	21.836637749840655	1.652382402987438	DLTB	WT
FS263	[AluI] + [Hpy166II, PmlI, StuI] + [Cac8I, HpyCH4V,  PmeI]	3792907	AGC	6	11	True	True	RE4	AluI;Hpy166II;PmlI;StuI;Cac8I;HpyCH4V;PmeI	83.05154858793004	3.0951193899560416	11.610777696368512	2.242554325745398	DLTB	WT
FS258	NEBNext dsDNA Fragmentase	601126	GCT	6	11	True	True	dsF		80.6548044835858	2.436261282992251	15.049922977878182	1.8590112555437628	TLTB	WT
FS260	NEBNext dsDNA Fragmentase	3061782	CAG	6	11	False	True	dsF		78.69851609291582	3.8439379420219986	15.071517175292035	2.3860287897701404	TLTB	WT
FS262	[AluI] + [Hpy166II, PmlI, StuI] + [Cac8I, HpyCH4V,  PmeI]	1808101	GTC	6	11	False	True	RE4	AluI;Hpy166II;PmlI;StuI;Cac8I;HpyCH4V;PmeI	79.53211684524261	2.6223645692359	16.041028681472994	1.8044899040485018	TLTB	WT
FS264	[AluI] + [Hpy166II, PmlI, StuI] + [Cac8I, HpyCH4V,  PmeI]	3207539	TCA	6	11	False	True	RE4	AluI;Hpy166II;PmlI;StuI;Cac8I;HpyCH4V;PmeI	78.31723947861585	4.154212933965884	14.888579686794143	2.6399679006241232	TLTB	WT
FS195	[NEBNext dsDNA Fragmentase] + [HpyCH4V] + [Hpy166II,  Eco53KI,  RsaI,  StuI]	21350	CCG	6	11	True	False	dsF+RE1	HpyCH4V;Hpy166II;Eco53KI;RsaI;StuI	25.156908665105387	48.768149882903984	22.847775175644028	3.227166276346604	WB-GTP control	WT
FS196	[NEBNext dsDNA Fragmentase] + [HpyCH4V] + [Hpy166II,  Eco53KI,  RsaI,  StuI]	49533	TGA	6	11	True	False	dsF+RE1	HpyCH4V;Hpy166II;Eco53KI;RsaI;StuI	28.599115741021137	47.01108352007752	20.073486362626937	4.316314376274403	WB-GTP PTSD	WT
FS193	[NEBNext dsDNA Fragmentase] + [HpyCH4V] + [Hpy166II,  Eco53KI,  RsaI,  StuI]	24371	CTG	6	11	True	False	dsF+RE1	HpyCH4V;Hpy166II;Eco53KI;RsaI;StuI	56.874974354765904	17.943457387879036	23.798777235238603	1.3827910221164499	HCT116	WT
FS203	[NEBNext dsDNA Fragmentase] + [HpyCH4V] + [Hpy166II,  Eco53KI,  RsaI,  StuI]	26447	GAA	6	11	True	False	dsF+RE1	HpyCH4V;Hpy166II;Eco53KI;RsaI;StuI	19.446440049911143	35.87930578137407	39.62642265663403	5.047831512080765	HEK293T	WT
FS305	[Cvikl-1] + [MlyI, MscI, MslI]	1412627	CCG	6	11	True	False	RE3	CviKI-1;MlyI;MscI;MslI	20.84605490338214	41.52334621949036	35.27916428045054	2.351434596676971	HEK293T	WT
FS326	NEBNext dsDNA Fragmentase	185316	GAC	6	11	True	False	dsF		24.06484059660256	44.97830732370653	28.07204990394785	2.884802175743055	HEK293T	WT
FS300	[HpyCH4V] + [Hpy166II,  Eco53KI,  RsaI,  StuI]	179238	TGA	6	11	True	False	RE1	HpyCH4V;Hpy166II;Eco53KI;RsaI;StuI	21.5311485287718	28.0598980126982	48.57786853234247	1.8310849261875273	HEK293T	RNH2A-KO T3-8
FS306	[Cvikl-1] + [MlyI, MscI, MslI]	146680	TGA	6	11	True	False	RE3	CviKI-1;MlyI;MscI;MslI	22.155031360785383	40.48677392964276	35.62789746386692	1.730297245704936	HEK293T	RNH2A-KO T3-8
FS309	[AluI, PvuII, AleI] + [SspI, DraI, HaeIII]	52039	GAA	6	11	True	False	RE2	AluI;PvuII;AleI;SspI;DraI;HaeIII	21.585733776590637	40.214070216568345	36.04412075558716	2.1560752512538675	HEK293T	RNH2A-KO T3-8
FS327	NEBNext dsDNA Fragmentase	38183	TGT	6	11	True	False	dsF		25.878008537830972	39.81352958122725	32.07186444229107	2.2365974386507084	HEK293T	RNH2A-KO T3-8
FS301	[HpyCH4V] + [Hpy166II,  Eco53KI,  RsaI,  StuI]	262453	CTG	6	11	True	False	RE1	HpyCH4V;Hpy166II;Eco53KI;RsaI;StuI	22.186448621276952	35.87232761675424	39.990398280835045	1.9508254811337649	HEK293T	RNH2A-KO T3-17
FS307	[AluI, PvuII, AleI] + [SspI, DraI, HaeIII]	119475	TGT	6	11	True	False	RE2	AluI;PvuII;AleI;SspI;DraI;HaeIII	24.34233103159657	27.29441305712492	46.17451349654739	2.188742414731115	HEK293T	RNH2A-KO T3-17
FS310	[Cvikl-1] + [MlyI, MscI, MslI]	4765	TGT	6	11	True	False	RE3	CviKI-1;MlyI;MscI;MslI	25.015739769150052	29.108079748163696	43.357817418677854	2.5183630640083945	HEK293T	RNH2A-KO T3-17
FS329	NEBNext dsDNA Fragmentase	73525	AGC	6	11	True	True	dsF		25.910914654879292	40.171370282216934	31.706222373342403	2.2114926895613736	HEK293T	RNH2A-KO T3-17
