pos	strand	rnmp	context_7nt	ef_average	ef_median	FS185	FS186	FS187	FS188	FS189	FS193	FS195	FS196	FS197	FS198	FS199	FS201	FS303	FS257	FS259	FS261	FS263	FS258	FS260	FS262	FS264	FS203	FS305	FS326	FS300	FS306	FS309	FS327	FS301	FS307	FS310	FS329
7067	+	C	TGCCATC	24.465995701387115	19.9801069783718	7.02237245270172	12.8923234738219	23.5586787706442	15.8997644595656	28.3052508541629	8.15838496573797	38.8032786885246	55.8622130700745	45.1921321793863	26.1946669477234	65.5954472349375	36.6570796460177	68.5683622586165	0.0903036281685842	0.362248626004708	0.386210427579466	2.05315606209169	0.137816364622392	0.562801662561214	0.485679173895706	1.70982769032582	21.3009415056528	35.8444684973457	16.8983843812731	30.413199209989	98.3883215162258	9.23347873710102	18.6592724510908	49.0530228269443	0.554726930320151	34.7722980062959	29.2957497449847
7758	-	G	TGAGCGT	28.157481333960373	18.9462339717782	5.52580127425709	20.6990937434373	123.230012031062	31.7995289191311	61.8246268656716	116.256985761766	26.3862295081967	38.4679910362788	51.2756884343037	26.1946669477234	8.19943090436719	42.766592920354	5.18414079687118	8.80460374643696	4.08772714246489	3.66234026152942	3.84857551213357	5.84341385998942	3.96125785571932	4.72849912698461	4.55609674582289	49.4933640866639	11.2365840381077	6.88452697014829	29.211461855187	38.0675824925007	17.1933742001191	12.5841604902705	34.9747421443077	28.4297551789077	62.5901364113326	13.0704114246855
13126	+	C	TTCCACC	19.887714082060967	16.2657605115489	5.98628471377851	5.93314540490768	18.1220605928032	18.7906307249411	29.0501258766409	6.79865413811497	38.8032786885246	23.0807946217673	27.8105428796223	48.8967116357504	20.498577260918	26.4745575221239	52.2869200684429	0.105354232863348	0.29832239788623	0.226399216167273	2.7652080580937	0.220506183395827	0.211050623460455	0.705609365848479	2.26771708777352	14.4094604302946	31.8213491601109	7.59980249951434	25.0516017808724	108.328817834742	45.8489978669844	13.0180970589006	18.9393910528742	5.54726930320151	24.3406086044071	12.1690037402244
13132	+	C	CCCCTAG	14.726468722865965	10.411786771132405	5.98628471377851	5.62087459412306	21.7464727113639	43.3629939806333	23.0911256968171	6.79865413811497	20.1777049180328	27.7638544000969	33.8940991345397	27.9409780775717	26.6481504391934	34.6205752212389	33.1298997800049	0.0602024187790561	0.127852456236956	0.159811211412193	1.84347203872913	0.0551265458489568	0.167758187878824	0.137456369970483	1.47737377472261	11.2769690324044	19.0716969164542	5.09633814673315	12.2022562179895	54.3338491955277	20.6957282038471	9.54660450986041	11.4267659352341	2.77363465160075	3.47722980062959	6.53520571234274
7733	-	G	TTAGTTT	12.256233969869655	8.999482147991806	4.60483439521424	14.7659483385296	16.3098545335229	8.67259879612667	8.93850026973566	17.6765007590989	7.76065573770492	7.0245896674944	9.55987411487018	5.23893338954469	6.14957317827539	10.1825221238938	14.7018992911269	9.06046402624795	4.84063605141586	2.25067456072172	2.87878690408175	7.19401423328886	4.68099459726395	4.38944008105742	3.6986000793755	7.51797935493629	12.4095051276806	9.47740076410024	20.799300371573	55.9152917916553	9.23347873710102	8.67873137260037	18.8131284458551	15.6710357815443	48.6812172088143	14.4225229513771
13130	+	C	ACCCCCT	11.151648044264235	8.17186558011645	4.83507611497495	4.63945204594285	12.6854424149623	24.5723632556922	24.5808757417731	4.75905789668048	24.0580327868852	21.4082732723639	14.7743509047994	19.2094224283305	20.498577260918	16.2920353982301	24.6246687851381	0.0451518140842921	0.11009517064849	0.159811211412193	1.5289460036853	0.110253091697914	0.129877306744896	0.201602675956708	1.20359471856772	9.39747419367036	17.2536692276163	4.91751926439163	8.96680949352258	45.4099945459504	19.1037491112435	7.37692166671032	12.1843415773491	1.80286252354049	3.47722980062959	6.53520571234274
7061	+	A	TGTATTT	11.419413056157586	7.469848989360489	10.015514809591	22.7065489556241	56.17838783769	20.2360638576289	43.9476263262003	19.7160970005334	10.0888524590164	22.7462903518866	7.82171518489378	3.49262225969646	2.0498577260918	2.03650442477876	10.0847738939135	3.70244875491195	4.42156411152806	5.54012199562269	12.0655681776537	2.78389056537232	3.85843832121294	5.57156486280357	8.31151889345695	4.38548795704617	9.38336871658265	3.66578708800104	7.1179827938272	19.0902713389692	0.63679163704145	5.64117539219024	15.2777754493185	0.277363465160075	17.386149003148	5.18309418565114
13131	+	C	CCCCCTA	9.387484218432613	7.236219478097735	3.10826321676961	3.79185984524175	14.4976484742426	18.7906307249411	19.3667505844273	8.15838496573797	27.9383606557377	18.063230573557	18.2506687647522	15.7168001686341	4.0997154521836	14.2555309734513	18.2659960889758	0.0602024187790561	0.113646627766183	0.0799056057060965	1.14889371134067	0.0551265458489568	0.119054197849488	0.137456369970483	1.27591371453317	7.51797935493629	13.5355093736705	3.21873988214725	8.3197201486292	38.5194232342514	12.735832740829	5.64117539219024	8.77525118783173	1.80286252354049	6.95445960125918	6.08450187011221
7737	-	G	TTAGTTA	10.090619218455757	6.968940119649255	3.9141092359321	11.6878503465099	18.1220605928032	15.8997644595656	14.8975004495594	13.5973082762299	4.65639344262295	5.35206831809097	6.95263571990559	6.98524451939292	4.0997154521836	14.2555309734513	8.70773649474456	3.8078029877753	2.21966069855826	0.839008859914013	1.28868306024904	3.55566220725771	1.52064679980482	2.00686300156905	1.48253941729157	4.38548795704617	9.61795293449722	6.79511752897753	15.3452616074716	44.8451936187619	9.23347873710102	4.7733022549302	16.2878763054718	19.2767608286252	34.7722980062959	11.7182998979939
7044	+	C	GTCCTAT	8.760408652667065	6.6356276491786	1.8419337580857	5.17477343585933	18.1220605928032	7.22716566343889	12.6628753821255	4.07919248286898	15.5213114754098	32.1124099085458	21.726986624705	6.98524451939292	10.249288630459	12.2190265486726	23.3286335859203	0.0903036281685842	0.124300999119263	0.0932232066571126	0.825630841990062	0.0826898187734352	0.216462177908159	0.21076643395474	0.485570401482258	8.14447763451431	11.7057524739369	5.54338535258693	6.28601077896428	29.9344491409872	0.318395818520725	6.07511196082026	10.732321596628701	0.138681732580038	20.8633788037775	7.21126147568854
7133	+	C	CGCCAAA	6.919082513356263	5.684804624787635	2.64777977724819	4.68406216176922	1.81220605928032	11.5634650615022	4.46925013486783	4.75905789668048	9.3127868852459	6.69008539761371	14.7743509047994	8.73155564924115	10.249288630459	14.2555309734513	29.0392886824737	0.0752530234738202	0.0426174854123186	0.0932232066571126	0.323262869350606	0.0826898187734352	0.194815960117343	0.201602675956708	0.330601124413452	5.63848451620222	14.7905349395134	4.11283429385482	12.5720215579286	12.0867398418326	5.73112473337305	6.50904852945028	19.6338353914796	1.38681732580038	6.95445960125918	7.66196531791907
7074	+	G	ATAGGAG	7.5416769350759605	5.420452561579925	2.18729633772676	7.31605899552526	21.7464727113639	10.1180319288144	7.44875022477972	6.11878872430348	5.43245901639344	7.69359820725577	4.34539732494099	5.23893338954469	6.14957317827539	6.10951327433628	10.5302859936446	0.496669954927213	0.415520482770107	0.905596864669094	2.54678720042437	0.137816364622392	0.50327456363647	0.613971785868157	1.29141064224005	7.51797935493629	14.6263259869732	2.41405491161044	13.8662002477153	29.1437278429234	1.2735832740829	4.33936568630019	23.5479762090736	0.554726930320151	31.2950682056663	5.40844610676641
7116	+	C	ACCCTAG	6.996264909941829	4.986767343304836	2.18729633772676	5.53165436247032	3.62441211856065	20.2360638576289	11.9180003596475	4.75905789668048	22.5059016393443	19.7357519229604	5.21447678992919	5.23893338954469	14.3490040826426	18.3285398230088	19.1975213884136	0.0903036281685842	0.159815570296195	0.159811211412193	0.746999333229104	0.16537963754687	0.16234663343112	0.623135543866189	0.594048895430422	3.75898967746814	10.7322279695914	4.29165317619634	8.22727881364443	9.71457594764112	1.91037491112435	1.73574627452007	15.3409067528281	0.277363465160075	6.95445960125918	5.40844610676641
7048	+	C	TATCAAT	6.920700866657622	4.98659152701314	1.8419337580857	2.45355637045054	7.24882423712129	5.78173253075111	5.2141251573458	4.75905789668048	17.8495081967213	20.0702561928411	18.2506687647522	15.7168001686341	10.249288630459	10.1825221238938	18.2659960889758	0.0301012093895281	0.0994407992954101	0.0932232066571126	0.821262424836675	0.0275632729244784	0.10823108895408	0.100801337978354	0.449410903499537	4.38548795704617	10.8495200785487	5.63279479375769	4.1598600743146	23.3827583856013	0.955187455562174	3.90542911767017	10.7954529001383	0.138681732580038	10.4316894018888	7.21126147568854
13120	+	C	ATCCGCT	9.501347616209447	4.88799193207058	3.56874665629104	2.14128555966593	5.43661817784097	14.4543313268778	10.4282503146916	4.07919248286898	50.444262295082	6.02107685785234	9.55987411487018	3.49262225969646	6.14957317827539	16.2920353982301	23.450136885847	0.105354232863348	0.142058284707729	0.0532704038040643	1.17947263141437	0.0826898187734352	0.178581296774231	0.458187899901609	1.2190916462746	21.3009415056528	12.561984869325	2.68228323512271	13.3115522378067	46.7655167712026	23.5612905705336	4.33936568630019	8.77525118783173	1.24813559322034	6.95445960125918	3.60563073784427
6465	+	G	TCCGTCC	4.585292974627023	4.7439051695767045	3.68386751617139	4.86250262507471	10.8732363556819	13.00889819419	9.68337529221363	7.47851955192647	6.20852459016393	8.02810247713645	0.869079464988198	5.23893338954469	4.0997154521836	6.10951327433628	5.87265949645563	0.240809675116225	0.0461689425300118	0.279669619971338	0.860578179217155	0.0275632729244784	0.0541155444770398	0.155783885966547	0.516564256896019	4.38548795704617	8.44503184492438	2.32464547043968	4.71450808422321	3.04992500681756	7.32310382597667	4.7733022549302	5.93434252990059	6.79540489642184	6.95445960125918	3.83098265895954
7088	+	C	TCACTGA	7.337533903510029	4.275458870961115	0.57560429940178	3.79185984524175	7.24882423712129	10.1180319288144	12.6628753821255	4.75905789668048	8.53672131147541	22.7462903518866	25.2033044846577	19.2094224283305	22.5484349870098	18.3285398230088	15.4714201906624	0.0301012093895281	0.0390660282946254	0.106540807608129	0.31889445219722	0.0551265458489568	0.0703502078201518	0.265748981942934	0.232453915603209	7.51797935493629	8.3277397359671	2.23523602926892	5.82380410404044	17.6217889282792	2.5471665481658	2.16968284315009	10.5429276861	0.416045197740113	3.47722980062959	1.80281536892214
8208	+	C	TGCCCAT	6.813240944336939	4.264825142871221	3.10826321676961	4.19335088767911	7.24882423712129	4.33629939806333	7.44875022477972	4.07919248286898	9.3127868852459	32.4469141784265	16.5125098347758	13.9704890387858	8.19943090436719	4.07300884955752	20.6150598875581	0.135455442252876	0.273462198062378	0.0266352019020322	0.0436841715338657	0.0826898187734352	0.66562119706759	0.0183275159960644	0.0413251405516815	1.25299655915605	21.1946840885811	8.22566858770964	3.14300538948214	11.8608194709572	9.23347873710102	3.47149254904015	5.17676688778562	1.66418079096045	6.95445960125918	9.01407684461068
13093	+	G	ATAGTTG	5.105016345073272	4.222556388562294	7.82821847186421	5.3978240149912	5.43661817784097	2.89086626537556	2.23462506743391	8.83825037954946	4.65639344262295	2.67603415904548	4.34539732494099	5.23893338954469	4.0997154521836	8.14601769911505	6.39917379613786	0.225759070421461	0.19888159859082	0.119858408559145	0.878051847830701	0.0826898187734352	0.265166167937495	0.128292611972451	0.175631847344646	8.14447763451431	7.98759261999098	2.86110211746422	19.4126803468015	26.2067630215435	1.59197909260362	2.60361941178011	8.2070694562455	0.693408662900188	10.4316894018888	4.95774226453587
13561	+	C	GCCCTAT	5.241561168557375	3.980932801938225	2.18729633772676	3.39036880280439	5.43661817784097	18.7906307249411	5.2141251573458	2.03959624143449	7.76065573770492	8.69711101689782	3.47631785995279	13.9704890387858	18.4487195348262	6.10951327433628	5.58915179662674	0.0451518140842921	0.174021398766968	0.346257624726418	0.537315309866548	0.0275632729244784	0.156935078983416	0.650626817860285	1.07961929691268	4.38548795704617	5.34852016845211	3.57637764683028	5.08427342416229	5.08320834469594	2.22877072964507	9.98054107849043	12.5631293984066	0.832090395480226	3.47722980062959	11.0422441346481
7054	+	G	TAGGAGC	5.26520072016295	3.8620637853721247	2.07217547784641	4.77328239342197	3.62441211856065	5.78173253075111	11.1731253371696	3.39932706905749	5.43245901639344	5.01756404821028	0.869079464988198	5.23893338954469	4.0997154521836	2.03650442477876	7.89771449523344	0.346163907979573	0.29832239788623	0.439480831383531	1.86968254164945	0.110253091697914	0.357162593548463	0.394041593915384	0.888490521861153	5.01198623662419	16.2684155123752	2.59287379395195	11.0929601981723	31.4029315516771	0.63679163704145	6.07511196082026	17.2348458581155	0.138681732580038	6.95445960125918	4.95774226453587
13575	+	C	TCTCATC	5.965881076276427	3.6024579600366398	1.26632945868392	2.40894625462417	7.24882423712129	4.33629939806333	5.2141251573458	2.71946165524599	6.98459016393443	9.03161528677851	22.5960660896932	10.4778667790894	51.2464431522949	18.3285398230088	3.76660229772672	0.015050604694764	0.202433055708513	0.332940023775402	0.484894304025909	0.0275632729244784	0.183992851221935	0.265748981942934	0.919484377274914	6.89148107535826	4.72687199097851	2.23523602926892	2.12615070464968	3.72768611944369	1.91037491112435	6.50904852945028	5.68181731586227	0.832090395480226	3.47722980062959	4.7323903434206
7105	+	C	TCTCAGG	5.034787209822328	3.549126498770365	0.690725159282136	2.45355637045054	3.62441211856065	1.44543313268778	1.48975004495594	4.07919248286898	10.0888524590164	10.0351280964206	14.7743509047994	3.49262225969646	10.249288630459	8.14601769911505	18.792510388658	0.0451518140842921	0.0390660282946254	0.146493610461177	0.589736315707187	0.0551265458489568	0.0757617622678558	0.128292611972451	0.247950843310089	8.14447763451431	10.6266650715299	3.12933044097649	5.45403876410136	11.8608194709572	2.86556236668652	5.20723882356022	12.4368667913874	0.138681732580038	6.95445960125918	3.60563073784427
7097	+	C	TCCCCTA	3.80875444261348	3.4414955312504247	0.805846019162492	3.39036880280439	3.62441211856065	8.67259879612667	5.2141251573458	2.71946165524599	10.8649180327869	10.7041366361819	4.34539732494099	3.49262225969646	2.0498577260918	8.14601769911505	7.24969689562454	0.015050604694764	0.117198084883876	0.119858408559145	0.340736537964153	0.0826898187734352	0.16234663343112	0.21076643395474	0.423582690654736	5.01198623662419	6.47452441444203	2.77169267629347	4.4371840792689	7.90721298063812	0.955187455562174	1.30180970589006	9.15403900888921	0.554726930320151	6.95445960125918	3.60563073784427
7122	+	C	GACCAAA	5.260563218253159	3.4382784348435402	1.38145031856427	4.46101158263735	3.62441211856065	1.44543313268778	3.72437511238986	3.39932706905749	6.98459016393443	13.3801707952274	7.82171518489378	1.74631112984823	8.19943090436719	2.03650442477876	22.4376093864581	0.0903036281685842	0.102992256413103	0.0932232066571126	0.44557854964543	0.16537963754687	0.124465752297192	0.21076643395474	0.454576546068497	0.626498279578024	14.2392620274142	3.30814932331801	10.6307535232484	15.1366648486501	7.00470800745595	8.24479480397035	17.5505023756635	0.832090395480226	3.47722980062959	4.95774226453587
7018	+	A	ACTACGT	8.374452028294462	3.433017681880105	8.86430621078741	14.5875078752241	23.5586787706442	21.6814969903167	61.8246268656716	19.0362315867219	18.6255737704918	27.0948458603355	5.21447678992919	1.74631112984823	2.0498577260918	4.07300884955752	3.60459789782449	1.02344111924395	2.16994029891056	1.54484171031787	7.40883549214363	0.992277825281222	2.52178437263006	1.58533013365957	4.10668584232335	10.6504707528264	4.02311933723481	2.14582658809817	0.739530679878151	3.38880556313062	2.22877072964507	0.867873137260037	2.77777735442155	1.66418079096045	3.47722980062959	2.7042230533832
7098	+	C	CCCCTAT	4.671638762525578	3.417152993844125	1.38145031856427	3.43497891863076	1.81220605928032	7.22716566343889	2.23462506743391	3.39932706905749	10.0888524590164	8.69711101689782	9.55987411487018	5.23893338954469	14.3490040826426	2.03650442477876	15.8359300904424	0.0301012093895281	0.0887864279423305	0.0932232066571126	0.506736389792842	0.0826898187734352	0.0487039900293359	0.320731529931127	0.335766766982412	5.01198623662419	10.1223090030135	3.66578708800104	5.6389214340709	12.8774611398964	1.59197909260362	2.60361941178011	12.499998094897	0.693408662900188	3.47722980062959	4.50703842230534
13187	+	C	TCACCAC	4.768345302302424	3.37670559782992	2.8780214970089	2.63199683375604	1.81220605928032	4.33629939806333	5.95900017982377	0.679865413811497	18.6255737704918	10.7041366361819	6.95263571990559	1.74631112984823	4.0997154521836	6.10951327433628	6.96618919579565	0.0602024187790561	0.127852456236956	0.0665880047550804	1.05715695111955	0.110253091697914	0.151523524535712	0.21076643395474	1.28107935710213	13.1564638711385	8.09315551805254	1.16232273521984	2.9581227195126	16.6051472593401	11.1438536482254	4.33936568630019	3.5984843000461	4.85386064030132	6.95445960125918	3.15492689561374
7825	-	G	TAGGGAT	5.143167974472128	3.26576669998399	3.22338407664997	7.405279227178	1.81220605928032	2.89086626537556	5.2141251573458	6.11878872430348	17.0734426229508	4.01405123856823	0.869079464988198	3.49262225969646	2.0498577260918	4.07300884955752	0.486013199706673	4.45497898965015	1.89647810084818	3.44925864631316	2.28905058837456	2.53582110905201	1.85075162111476	2.68498109342343	3.83290678616846	13.1564638711385	0.480897646724861	3.30814932331801	12.6644628929133	1.46848241068994	1.59197909260362	3.47149254904015	14.7095937177323	1.94154425612053	27.8178384050367	2.25351921115267
15600	+	C	TCCCTAA	6.607901749676287	3.22836494527074	5.41068041437673	1.5167439380967	14.4976484742426	11.5634650615022	2.97950008991189	12.237577448607	17.8495081967213	9.3661195566592	43.4539732494099	19.2094224283305	20.498577260918	10.1825221238938	0.283507699828893	0.0451518140842921	0.0142058284707729	0.0266352019020322	0.0349473372270926	0.0275632729244784	0.0270577722385199	0.0549825479881931	0.0619877108275223	8.14447763451431	6.61527494519077	7.59980249951434	0.554648009908613	0.9036814835015	2.22877072964507	3.90542911767017	2.14646431932575	3.60572504708098	3.47722980062959	2.92957497449847
6473	+	C	AATCACA	4.675607913737572	2.918605065368225	2.07217547784641	1.11525289565934	3.62441211856065	11.5634650615022	3.72437511238986	6.11878872430348	5.43245901639344	11.707649445824	5.21447678992919	1.74631112984823	28.6980081652852	10.1825221238938	11.7048178929357	0.0301012093895281	0.0532718567653983	0.0665880047550804	0.493631138332683	0.0826898187734352	0.0487039900293359	0.0733100639842575	0.227288273034248	10.0239724732484	5.60656280815813	2.68228323512271	1.4790613597563	2.37216389419144	5.73112473337305	1.30180970589006	2.58838344389281	3.74440677966102	6.95445960125918	3.15492689561374
7106	+	A	CTCAGGC	3.9926220852551175	2.76340995283855	3.68386751617139	9.18968386023295	10.8732363556819	13.00889819419	13.4077504046035	10.1979812071725	8.53672131147541	4.6830597783296	0.869079464988198	1.74631112984823	4.0997154521836	2.03650442477876	3.11858469811782	0.647176001874853	1.66208193108043	2.25067456072172	6.02841567167347	0.771771641885395	1.19054197849488	2.48337841746672	4.09118891461647	0.626498279578024	2.5686971861645	0.804684970536813	2.9581227195126	3.04992500681756	0.955187455562174	2.16968284315009	4.86111037023772	0.138681732580038	3.47722980062959	1.57746344780687
7115	+	C	CACCCTA	4.013853784257832	2.758213556339035	1.95705461796605	3.702639613589	7.24882423712129	8.67259879612667	7.44875022477972	0.679865413811497	9.3127868852459	7.69359820725577	8.69079464988198	1.74631112984823	8.19943090436719	2.03650442477876	8.70773649474456	0.0301012093895281	0.0426174854123186	0.119858408559145	0.336368120810766	0.0826898187734352	0.0919964256109677	0.229093949950805	0.351263694689293	5.63848451620222	5.46581227740939	1.60936994107363	5.17671475914706	5.98688982819744	2.22877072964507	3.03755598041013	11.2373720247054	1.24813559322034	6.95445960125918	2.47887113226794
12487	+	A	CCCACAA	4.7096402185927735	2.60542890337235	2.8780214970089	18.4239778362923	7.24882423712129	21.6814969903167	9.68337529221363	14.2771736900414	2.32819672131148	12.7111622554661	2.60723839496459	1.74631112984823	2.0498577260918	4.07300884955752	2.55156929846003	0.391315722063865	1.63722173125657	3.8088338719906	6.07209984320733	0.799334914809873	1.05525311730228	1.70445898763399	6.37440293009687	0.626498279578024	0.867961606283895	1.07291329404908	3.23544672446691	0.338880556313062	2.5471665481658	2.60361941178011	2.9671712649503	4.71517890772128	6.95445960125918	0.676055763345801
13588	+	C	TCCCTGA	4.125009507098614	2.44092737894572	1.8419337580857	1.56135405392307	1.81220605928032	13.00889819419	5.95900017982377	5.43892331049198	7.76065573770492	5.35206831809097	8.69079464988198	5.23893338954469	14.3490040826426	20.3650442477876	1.74154729894891	0.015050604694764	0.0639262281184779	0.253034418069306	0.157263017521917	0.0275632729244784	0.140700415640304	0.311567771933094	0.599214537999382	6.26498279578024	3.63605537767578	3.03992099980574	1.01685468483246	1.12960185437687	0.955187455562174	5.20723882356022	3.2828277824982	0.416045197740113	6.95445960125918	5.40844610676641
7114	+	C	ACACCCT	3.3692697397470877	2.289640513441025	0.805846019162492	2.54277660210329	3.62441211856065	7.22716566343889	4.46925013486783	5.43892331049198	9.3127868852459	7.69359820725577	4.34539732494099	1.74631112984823	6.14957317827539	2.03650442477876	7.45220239550232	0.0903036281685842	0.0745805994715576	0.0799056057060965	0.388789126651405	0.0551265458489568	0.124465752297192	0.164947643964579	0.304772911568651	7.51797935493629	5.77077176069833	1.69877938224438	4.34474274428414	4.85728797382056	1.2735832740829	1.73574627452007	8.27020075975508	0.138681732580038	6.95445960125918	1.12675960557633
14829	-	G	GCGGAGA	4.800985157346782	2.281410894372695	2.07217547784641	0.847592200701097	3.62441211856065	1.44543313268778	2.23462506743391	1.35973082762299	2.32819672131148	4.34855550844891	0.869079464988198	1.74631112984823	4.0997154521836	4.07300884955752	0.405010999755561	2.88971610139469	1.33534787625265	0.266352019020322	0.502367972639456	1.6537963754687	1.0931339984362	0.329895287929159	1.84413439711879	6.26498279578024	2.62734324064314	2.05641714692741	11.2778428681418	26.6586037632942	18.466957474202	4.7733022549302	3.5984843000461	23.0211676082863	6.95445960125918	8.56337300238014
8194	+	C	AAACCAC	3.8372492641511378	2.19455015312575	1.8419337580857	0.936812432353844	1.81220605928032	1.44543313268778	11.1731253371696	0.679865413811497	8.53672131147541	5.35206831809097	5.21447678992919	20.9557335581787	6.14957317827539	6.10951327433628	10.9352969934001	0.0602024187790561	0.134955370472342	0.0133176009510161	0.0174736686135463	0.275632729244784	0.259754613489791	0.0183275159960644	0.00516564256896019	6.26498279578024	8.50367789940303	2.68228323512271	0.554648009908613	6.09985001363512	2.5471665481658	3.47149254904015	0.883838249134131	0.970772128060264	3.47722980062959	5.40844610676641
13584	+	C	TACCTCC	3.698573679132498	2.19073977629249	1.38145031856427	1.91823498053406	3.62441211856065	17.3451975922533	2.97950008991189	7.47851955192647	5.43245901639344	6.69008539761371	8.69079464988198	1.74631112984823	18.4487195348262	4.07300884955752	3.24008799804449	0.0602024187790561	0.170469941649274	0.226399216167273	0.358210206577699	0.0826898187734352	0.232696841251271	0.256585223944901	0.981472088102436	1.87949483873407	3.4366587924484	2.23523602926892	1.38662002477153	2.14624352331606	0.955187455562174	4.33936568630019	4.22979733514191	0.416045197740113	6.95445960125918	4.95774226453587
6569	+	C	CCCCGCC	3.6738847832955086	2.142241396762855	3.56874665629104	0.89220231652747	1.81220605928032	1.44543313268778	2.23462506743391	1.35973082762299	1.55213114754098	3.67954696868754	18.2506687647522	3.49262225969646	2.0498577260918	6.10951327433628	3.44259349792227	0.210708465726696	0.230844712650059	0.119858408559145	0.463052218258977	0.110253091697914	0.324693266862239	0.439860383905545	0.640539678551064	1.25299655915605	2.59215560795596	5.18574758790391	1.10929601981723	2.48512407962912	13.6910201963912	6.9429850980803	2.71464605091197	13.8681732580038	6.95445960125918	8.33802108126488
7086	+	C	ATTCACT	3.9825519613591944	2.044726983763145	1.26632945868392	3.21192833949889	1.81220605928032	4.33629939806333	1.48975004495594	2.03959624143449	3.10426229508197	8.36260674701714	4.34539732494099	1.74631112984823	2.0498577260918	4.07300884955752	15.147411390858	0.0903036281685842	0.149161198943115	0.292987220922354	1.2362620544084	0.0551265458489568	0.292223940176015	0.549825479881931	1.0641223692058	3.13249139789012	8.9493879134407	3.21873988214725	8.5970441535835	18.2995500409054	1.2735832740829	3.03755598041013	11.9318163633108	0.277363465160075	10.4316894018888	1.57746344780687
14908	-	G	GTAGTGC	3.6223596945115704	1.97182912450136	1.15120859880356	2.14128555966593	9.06103029640162	1.44543313268778	3.72437511238986	3.39932706905749	6.20852459016393	5.01756404821028	1.7381589299764	1.74631112984823	2.0498577260918	2.03650442477876	0.121503299926668	1.41475684130782	0.593093338654767	2.51702657974204	0.816894007683289	0.799334914809873	0.50327456363647	0.58648051187406	1.41538606389509	7.51797935493629	0.21112579612311	0.983503852878327	25.6986911257657	2.03328333787837	1.91037491112435	2.16968284315009	20.2020171230658	0.970772128060264	3.47722980062959	2.25351921115267
10952	+	C	CCCCTCC	3.3354322931482594	1.8721798125213351	1.15120859880356	0.178440463305494	3.62441211856065	13.00889819419	0.744875022477972	2.71946165524599	4.65639344262295	2.00702561928411	8.69079464988198	10.4778667790894	6.14957317827539	6.10951327433628	5.18414079687118	0.0301012093895281	0.0390660282946254	0.0266352019020322	0.0174736686135463	0.0551265458489568	0.0865848711632637	0.0458187899901609	0.082650281103363	2.5059931183121	4.66822593649987	1.16232273521984	0.739530679878151	10.9571379874557	1.59197909260362	4.7733022549302	1.07323215966287	1.94154425612053	10.4316894018888	1.80281536892214
14923	-	G	TGAGGCG	2.8342721328688496	1.87138594690209	0.460483439521424	1.29369335896483	7.24882423712129	4.33629939806333	3.72437511238986	2.71946165524599	5.43245901639344	2.00702561928411	3.47631785995279	3.49262225969646	2.0498577260918	2.03650442477876	0.20250549987778	1.29435200374971	0.685431223714791	1.50488890746482	0.816894007683289	0.661518550187482	0.676444305962998	0.366550319921288	1.18293214829188	3.13249139789012	0.0938336871658265	1.2517321763906	11.0005188631875	2.82400463594219	0.63679163704145	1.73574627452007	18.1186841072497	0.277363465160075	3.47722980062959	2.47887113226794
8287	+	C	CCTCTAG	2.5455691235600084	1.8411551038281049	0.57560429940178	3.16731822367252	7.24882423712129	8.67259879612667	5.2141251573458	2.71946165524599	5.43245901639344	6.69008539761371	6.95263571990559	1.74631112984823	4.0997154521836	2.03650442477876	4.29311659740895	0.015050604694764	0.0745805994715576	0.0399528028530482	0.248999777743035	0.110253091697914	0.119054197849488	0.155783885966547	0.0878159236723232	1.87949483873407	4.11695302440064	1.2517321763906	2.58835737957353	0.225920370875375	1.2735832740829	0.433936568630019	3.5984843000461	1.1094538606403	3.47722980062959	1.80281536892214
9920	+	C	CGCCGCC	2.204092568105253	1.735736965668845	2.53265891736783	1.24908324313846	5.43661817784097	2.89086626537556	1.48975004495594	1.35973082762299	4.65639344262295	3.01053842892617	3.47631785995279	3.49262225969646	2.0498577260918	4.07300884955752	10.6112881935957	0.0301012093895281	0.0461689425300118	0.0399528028530482	0.161631434675303	0.110253091697914	0.0974079800586717	0.192438917958676	0.113644136517124	1.87949483873407	4.49228777306394	2.95051155863498	1.10929601981723	2.93696482137987	1.59197909260362	0.433936568630019	1.26262607019162	1.24813559322034	3.47722980062959	2.0281672900374
13578	+	C	CATCGCT	2.5728047397646834	1.530626369848505	1.0360877389232	0.89220231652747	3.62441211856065	5.78173253075111	1.48975004495594	1.35973082762299	3.88032786885246	1.00351280964206	1.7381589299764	3.49262225969646	14.3490040826426	4.07300884955752	1.70104619897336	0.0301012093895281	0.0958893421777169	0.146493610461177	0.187841937595623	0.0275632729244784	0.151523524535712	0.174111401962612	0.697361746809626	3.13249139789012	1.95877821958663	1.07291329404908	1.57150269474107	1.58144259612762	0.318395818520725	4.33936568630019	2.90403996144072	0.554726930320151	17.386149003148	1.57746344780687
12080	-	G	ATAGGTG	1.5890805792017078	1.12691261966528	0.460483439521424	2.58738671792966	1.81220605928032	1.44543313268778	0.744875022477972	1.35973082762299	3.10426229508197	0.669008539761371	0.869079464988198	1.74631112984823	2.0498577260918	2.03650442477876	0.364509899780005	0.842833862906786	0.252153455356218	1.42498330175872	0.44557854964543	0.882024733583309	0.61150565259055	0.604808027870125	0.878159236723232	3.13249139789012	0.375334748663306	0.89409441170757	3.79009473437552	2.82400463594219	2.22877072964507	0.867873137260037	2.84090865793113	1.52549905838041	6.95445960125918	0.225351921115267
